{
  "Gogyw": 389293.73797180835,
  "Tewedec": 289741.0,
  "Ocib": 26976.0,
  "Terugib": 308023.0,
  "Zahasyb": 85564.10861155731,
  "Elexe": 137328.0,
  "Umuqyd": 326985.0,
  "Duhikin": 81439.0,
  "Ixutu": 56615.0,
  "Ejano": 82296.94031540657,
  "Igysel": 31271.416516159392,
  "Fykefit": 63132.60781889731,
  "Akureb": 2474.7153275678784,
  "Ozova": 259278.0,
  "Ymuxef": 448939.0,
  "Xexo": 127265.0,
  "Lubaqe": 291202.0,
  "Sisejuh": 459266.2198473154
}